timestamp,memory_used_mib,memory_total_mib
2026/05/02 07:15:53.727, 0, 40960
2026/05/02 07:15:54.817, 423, 40960
2026/05/02 07:15:55.918, 423, 40960
2026/05/02 07:15:57.011, 423, 40960
2026/05/02 07:15:58.104, 423, 40960
2026/05/02 07:15:59.193, 423, 40960
2026/05/02 07:16:00.289, 423, 40960
2026/05/02 07:16:01.380, 423, 40960
2026/05/02 07:16:02.475, 423, 40960
2026/05/02 07:16:03.568, 36935, 40960
2026/05/02 07:16:04.666, 36935, 40960
2026/05/02 07:16:05.785, 38887, 40960
2026/05/02 07:16:06.892, 38887, 40960
2026/05/02 07:16:07.989, 38887, 40960
2026/05/02 07:16:09.099, 38887, 40960
2026/05/02 07:16:10.213, 38917, 40960
2026/05/02 07:16:11.339, 38917, 40960
2026/05/02 07:16:12.493, 38917, 40960
2026/05/02 07:16:13.636, 38917, 40960
2026/05/02 07:16:14.781, 38929, 40960
2026/05/02 07:16:15.901, 38929, 40960
2026/05/02 07:16:17.031, 38929, 40960
2026/05/02 07:16:18.153, 38929, 40960
2026/05/02 07:16:19.281, 38929, 40960
2026/05/02 07:16:20.401, 38929, 40960
2026/05/02 07:16:21.525, 38929, 40960
2026/05/02 07:16:22.643, 38929, 40960
2026/05/02 07:16:23.752, 38929, 40960
2026/05/02 07:16:24.878, 38929, 40960
2026/05/02 07:16:26.013, 38929, 40960
2026/05/02 07:16:27.150, 38929, 40960
2026/05/02 07:16:28.249, 38929, 40960
2026/05/02 07:16:29.358, 38929, 40960
2026/05/02 07:16:30.485, 38929, 40960
2026/05/02 07:16:31.597, 38929, 40960
2026/05/02 07:16:32.713, 38929, 40960
2026/05/02 07:16:33.812, 38929, 40960
2026/05/02 07:16:34.951, 38929, 40960
2026/05/02 07:16:36.083, 38929, 40960
2026/05/02 07:16:37.215, 38929, 40960
2026/05/02 07:16:38.348, 38929, 40960
2026/05/02 07:16:39.481, 38929, 40960
2026/05/02 07:16:40.612, 38929, 40960
2026/05/02 07:16:41.742, 38929, 40960
2026/05/02 07:16:42.861, 38929, 40960
2026/05/02 07:16:43.982, 38929, 40960
2026/05/02 07:16:45.097, 38929, 40960
2026/05/02 07:16:46.232, 38929, 40960
2026/05/02 07:16:47.355, 38929, 40960
2026/05/02 07:16:48.464, 38929, 40960
2026/05/02 07:16:49.605, 38929, 40960
2026/05/02 07:16:50.745, 38929, 40960
2026/05/02 07:16:51.860, 38929, 40960
2026/05/02 07:16:53.031, 38929, 40960
2026/05/02 07:16:54.182, 38929, 40960
2026/05/02 07:16:55.310, 38929, 40960
2026/05/02 07:16:56.447, 38929, 40960
2026/05/02 07:16:57.586, 38929, 40960
2026/05/02 07:16:58.696, 38929, 40960
2026/05/02 07:16:59.817, 38929, 40960
2026/05/02 07:17:00.934, 38929, 40960
2026/05/02 07:17:02.036, 38929, 40960
2026/05/02 07:17:03.152, 38929, 40960
2026/05/02 07:17:04.274, 38929, 40960
2026/05/02 07:17:05.411, 38929, 40960
2026/05/02 07:17:06.504, 38929, 40960
2026/05/02 07:17:07.615, 38929, 40960
2026/05/02 07:17:08.765, 38929, 40960
2026/05/02 07:17:09.892, 38929, 40960
2026/05/02 07:17:11.001, 38929, 40960
2026/05/02 07:17:12.116, 38929, 40960
2026/05/02 07:17:13.256, 38929, 40960
2026/05/02 07:17:14.386, 38929, 40960
2026/05/02 07:17:15.500, 38929, 40960
2026/05/02 07:17:16.618, 38929, 40960
2026/05/02 07:17:17.754, 38929, 40960
2026/05/02 07:17:18.887, 38929, 40960
2026/05/02 07:17:19.989, 38929, 40960
2026/05/02 07:17:21.093, 38929, 40960
2026/05/02 07:17:22.274, 38929, 40960
2026/05/02 07:17:23.422, 38929, 40960
2026/05/02 07:17:24.548, 38929, 40960
2026/05/02 07:17:25.661, 38929, 40960
2026/05/02 07:17:26.795, 38929, 40960
2026/05/02 07:17:27.935, 38929, 40960
2026/05/02 07:17:29.064, 38929, 40960
2026/05/02 07:17:30.180, 38929, 40960
2026/05/02 07:17:31.305, 38929, 40960
2026/05/02 07:17:32.455, 38929, 40960
2026/05/02 07:17:33.604, 38929, 40960
2026/05/02 07:17:34.727, 38929, 40960
2026/05/02 07:17:35.854, 38929, 40960
2026/05/02 07:17:36.978, 38929, 40960
2026/05/02 07:17:38.081, 38929, 40960
2026/05/02 07:17:39.186, 38929, 40960
2026/05/02 07:17:40.303, 38929, 40960
2026/05/02 07:17:41.414, 38929, 40960
2026/05/02 07:17:42.569, 38929, 40960
2026/05/02 07:17:43.737, 38929, 40960
2026/05/02 07:17:44.858, 38929, 40960
2026/05/02 07:17:46.010, 38929, 40960
2026/05/02 07:17:47.168, 38929, 40960
2026/05/02 07:17:48.281, 38929, 40960
2026/05/02 07:17:49.394, 38929, 40960
2026/05/02 07:17:50.530, 38929, 40960
2026/05/02 07:17:51.659, 38929, 40960
2026/05/02 07:17:52.762, 38929, 40960
2026/05/02 07:17:53.855, 38929, 40960
2026/05/02 07:17:54.987, 38929, 40960
2026/05/02 07:17:56.105, 38929, 40960
2026/05/02 07:17:57.221, 38929, 40960
2026/05/02 07:17:58.326, 38929, 40960
2026/05/02 07:17:59.452, 38929, 40960
2026/05/02 07:18:00.569, 38929, 40960
2026/05/02 07:18:01.690, 38929, 40960
2026/05/02 07:18:02.794, 38929, 40960
2026/05/02 07:18:03.905, 38929, 40960
2026/05/02 07:18:04.992, 38929, 40960
2026/05/02 07:18:06.097, 38929, 40960
2026/05/02 07:18:07.218, 38929, 40960
2026/05/02 07:18:08.323, 38929, 40960
2026/05/02 07:18:09.418, 38929, 40960
2026/05/02 07:18:10.519, 38929, 40960
2026/05/02 07:18:11.616, 38929, 40960
2026/05/02 07:18:12.716, 38929, 40960
2026/05/02 07:18:13.827, 38929, 40960
2026/05/02 07:18:14.959, 38929, 40960
2026/05/02 07:18:16.094, 38929, 40960
2026/05/02 07:18:17.256, 38929, 40960
2026/05/02 07:18:18.403, 38929, 40960
2026/05/02 07:18:19.511, 38929, 40960
2026/05/02 07:18:20.606, 38929, 40960
2026/05/02 07:18:21.708, 38929, 40960
2026/05/02 07:18:22.867, 38929, 40960
2026/05/02 07:18:24.022, 38929, 40960
2026/05/02 07:18:25.156, 38929, 40960
2026/05/02 07:18:26.262, 38929, 40960
2026/05/02 07:18:27.411, 38929, 40960
2026/05/02 07:18:28.548, 38929, 40960
2026/05/02 07:18:29.663, 38929, 40960
2026/05/02 07:18:30.774, 38929, 40960
2026/05/02 07:18:31.894, 38929, 40960
2026/05/02 07:18:33.030, 38929, 40960
2026/05/02 07:18:34.152, 38929, 40960
2026/05/02 07:18:35.261, 38929, 40960
2026/05/02 07:18:36.375, 38929, 40960
2026/05/02 07:18:37.469, 38929, 40960
2026/05/02 07:18:38.591, 38929, 40960
2026/05/02 07:18:39.711, 38929, 40960
2026/05/02 07:18:40.817, 38929, 40960
2026/05/02 07:18:41.914, 38929, 40960
2026/05/02 07:18:43.013, 38929, 40960
2026/05/02 07:18:44.118, 38929, 40960
2026/05/02 07:18:45.222, 38929, 40960
2026/05/02 07:18:46.335, 38929, 40960
2026/05/02 07:18:47.463, 38929, 40960
2026/05/02 07:18:48.575, 38929, 40960
2026/05/02 07:18:49.690, 38929, 40960
2026/05/02 07:18:50.800, 38929, 40960
2026/05/02 07:18:51.900, 38929, 40960
2026/05/02 07:18:52.998, 38929, 40960
2026/05/02 07:18:54.101, 38929, 40960
2026/05/02 07:18:55.199, 38929, 40960
2026/05/02 07:18:56.299, 38929, 40960
2026/05/02 07:18:57.395, 38929, 40960
2026/05/02 07:18:58.497, 38929, 40960
2026/05/02 07:18:59.622, 38929, 40960
2026/05/02 07:19:00.747, 38929, 40960
2026/05/02 07:19:01.865, 38929, 40960
2026/05/02 07:19:02.977, 38929, 40960
2026/05/02 07:19:04.086, 38929, 40960
2026/05/02 07:19:05.218, 38929, 40960
2026/05/02 07:19:06.345, 38929, 40960
2026/05/02 07:19:07.454, 38929, 40960
2026/05/02 07:19:08.545, 38929, 40960
2026/05/02 07:19:09.653, 38929, 40960
2026/05/02 07:19:10.764, 38929, 40960
2026/05/02 07:19:11.866, 38929, 40960
2026/05/02 07:19:12.965, 38929, 40960
2026/05/02 07:19:14.063, 38929, 40960
2026/05/02 07:19:15.162, 38929, 40960
2026/05/02 07:19:16.257, 38929, 40960
2026/05/02 07:19:17.357, 38929, 40960
2026/05/02 07:19:18.460, 38929, 40960
2026/05/02 07:19:19.563, 38929, 40960
2026/05/02 07:19:20.676, 38929, 40960
2026/05/02 07:19:21.794, 38929, 40960
2026/05/02 07:19:22.917, 38929, 40960
2026/05/02 07:19:24.024, 38929, 40960
2026/05/02 07:19:25.121, 38929, 40960
2026/05/02 07:19:26.222, 38929, 40960
2026/05/02 07:19:27.330, 38929, 40960
2026/05/02 07:19:28.430, 38929, 40960
2026/05/02 07:19:29.534, 38929, 40960
2026/05/02 07:19:30.647, 38929, 40960
2026/05/02 07:19:31.767, 38929, 40960
2026/05/02 07:19:32.874, 38929, 40960
2026/05/02 07:19:33.999, 38929, 40960
2026/05/02 07:19:35.122, 38929, 40960
2026/05/02 07:19:36.227, 38929, 40960
2026/05/02 07:19:37.329, 38929, 40960
2026/05/02 07:19:38.435, 38929, 40960
2026/05/02 07:19:39.560, 38929, 40960
2026/05/02 07:19:40.669, 38929, 40960
2026/05/02 07:19:41.768, 38929, 40960
2026/05/02 07:19:42.872, 38929, 40960
2026/05/02 07:19:44.024, 38929, 40960
2026/05/02 07:19:45.150, 38929, 40960
2026/05/02 07:19:46.259, 38929, 40960
2026/05/02 07:19:47.360, 38929, 40960
2026/05/02 07:19:48.463, 38929, 40960
2026/05/02 07:19:49.574, 38929, 40960
2026/05/02 07:19:50.677, 38929, 40960
2026/05/02 07:19:51.781, 38929, 40960
2026/05/02 07:19:52.881, 38929, 40960
2026/05/02 07:19:54.003, 38929, 40960
2026/05/02 07:19:55.131, 38929, 40960
2026/05/02 07:19:56.258, 38929, 40960
2026/05/02 07:19:57.366, 38929, 40960
2026/05/02 07:19:58.488, 38929, 40960
2026/05/02 07:19:59.619, 38929, 40960
2026/05/02 07:20:00.722, 38929, 40960
2026/05/02 07:20:01.838, 38929, 40960
2026/05/02 07:20:02.967, 38929, 40960
2026/05/02 07:20:04.099, 38929, 40960
2026/05/02 07:20:05.207, 38929, 40960
2026/05/02 07:20:06.325, 38929, 40960
2026/05/02 07:20:07.434, 38929, 40960
2026/05/02 07:20:08.541, 38929, 40960
2026/05/02 07:20:09.652, 38929, 40960
2026/05/02 07:20:10.774, 38929, 40960
2026/05/02 07:20:11.873, 38929, 40960
2026/05/02 07:20:12.988, 38929, 40960
2026/05/02 07:20:14.104, 38929, 40960
2026/05/02 07:20:15.244, 38929, 40960
2026/05/02 07:20:16.364, 38929, 40960
2026/05/02 07:20:17.462, 38929, 40960
2026/05/02 07:20:18.562, 38929, 40960
2026/05/02 07:20:19.652, 38929, 40960
2026/05/02 07:20:20.779, 38929, 40960
2026/05/02 07:20:21.908, 38929, 40960
2026/05/02 07:20:23.025, 38929, 40960
2026/05/02 07:20:24.134, 38929, 40960
2026/05/02 07:20:25.246, 38929, 40960
2026/05/02 07:20:26.355, 38929, 40960
2026/05/02 07:20:27.475, 38929, 40960
2026/05/02 07:20:28.572, 38929, 40960
2026/05/02 07:20:29.663, 38929, 40960
2026/05/02 07:20:30.765, 38929, 40960
2026/05/02 07:20:31.886, 38929, 40960
2026/05/02 07:20:33.048, 38929, 40960
2026/05/02 07:20:34.164, 38929, 40960
2026/05/02 07:20:35.277, 38929, 40960
2026/05/02 07:20:36.402, 38929, 40960
2026/05/02 07:20:37.532, 38929, 40960
2026/05/02 07:20:38.653, 38929, 40960
2026/05/02 07:20:39.754, 38929, 40960
2026/05/02 07:20:40.868, 38929, 40960
2026/05/02 07:20:41.982, 38929, 40960
2026/05/02 07:20:43.132, 38929, 40960
2026/05/02 07:20:44.274, 38929, 40960
2026/05/02 07:20:45.377, 38929, 40960
2026/05/02 07:20:46.486, 38929, 40960
2026/05/02 07:20:47.589, 38929, 40960
2026/05/02 07:20:48.690, 38929, 40960
2026/05/02 07:20:49.784, 38929, 40960
2026/05/02 07:20:50.878, 38929, 40960
2026/05/02 07:20:52.008, 38929, 40960
2026/05/02 07:20:53.134, 38929, 40960
2026/05/02 07:20:54.254, 38929, 40960
2026/05/02 07:20:55.343, 38929, 40960
2026/05/02 07:20:56.454, 38929, 40960
2026/05/02 07:20:57.580, 38929, 40960
2026/05/02 07:20:58.689, 38929, 40960
2026/05/02 07:20:59.816, 38929, 40960
2026/05/02 07:21:00.918, 38929, 40960
2026/05/02 07:21:02.032, 38929, 40960
2026/05/02 07:21:03.175, 38929, 40960
2026/05/02 07:21:04.322, 38929, 40960
2026/05/02 07:21:05.426, 38929, 40960
2026/05/02 07:21:06.529, 38929, 40960
2026/05/02 07:21:07.642, 38929, 40960
2026/05/02 07:21:08.768, 38929, 40960
2026/05/02 07:21:09.885, 38929, 40960
2026/05/02 07:21:11.004, 38929, 40960
2026/05/02 07:21:12.138, 38929, 40960
